Epoch,Cycle,Episodes,Timesteps,TimeCost(sec),Pi_q_loss,Pi_l2_loss,Q_loss,Success
0/20,0/20,50,5000,19.808154821395874,,,,0.0
0/20,1/20,100,10000,20.63403582572937,6.22956145554781,0.19928570394404233,3.8622658029198647,0.0
0/20,2/20,150,15000,69.65179109573364,634.4355266988277,5.090846825274639,20.202528276015073,0.0
0/20,3/20,200,20000,62.54252481460571,1200.563112795353,19.430819112807512,18.429362845607102,0.0
0/20,4/20,250,25000,52.36250710487366,1631.4815613031387,52.56480484083295,24.347841798327863,0.0
0/20,5/20,300,30000,55.777944803237915,1896.7834910154343,60.90638663992286,33.8494830224663,0.0
0/20,6/20,350,35000,47.006574869155884,2197.0267251729965,66.47186268866062,57.94587357901037,0.0
0/20,7/20,400,40000,47.5887610912323,2577.102126121521,87.97069835290313,91.78665182366967,0.0
0/20,8/20,450,45000,49.42428231239319,2687.490291595459,98.1942775323987,123.21227730065584,0.0
0/20,9/20,500,50000,47.609158992767334,2847.284500479698,102.26245146989822,137.06943129003048,0.0
0/20,10/20,550,55000,54.93977904319763,2989.396895647049,106.33037433028221,163.05875679850578,0.0
0/20,11/20,600,60000,50.164971113204956,3076.884937286377,109.45013116300106,177.36911557614803,0.0
0/20,12/20,650,65000,48.49223709106445,3161.2930722236633,113.06585289537907,212.84305281192064,0.0
0/20,13/20,700,70000,49.19069004058838,3408.0954535007477,116.66392882168293,268.02191695570946,0.0
0/20,14/20,750,75000,51.17167901992798,3513.879552125931,119.9179159924388,284.80617013573647,0.0
0/20,15/20,800,80000,52.165152072906494,3553.6654708385468,120.55621978640556,301.30503056943417,0.0
0/20,16/20,850,85000,61.51190114021301,3569.4804272651672,122.57693386077881,327.67081969976425,0.0
0/20,17/20,900,90000,52.42067289352417,3496.10227227211,130.72027015686035,322.74235168099403,0.0
0/20,18/20,950,95000,52.64104390144348,3512.4262540340424,130.03924176841974,354.86814400553703,0.0
0/20,19/20,1000,100000,52.22842502593994,3545.962072610855,131.26497261971235,366.61318185925484,0.0
1/20,0/20,1050,105000,48.45138502120972,3561.4309289455414,133.58916495740414,378.0645681023598,0.0
1/20,1/20,1100,110000,47.8654248714447,3604.3814997673035,132.2562235072255,393.727343454957,0.0
1/20,2/20,1150,115000,51.17345309257507,3663.6219840049744,134.54894779622555,420.3509542495012,0.0
1/20,3/20,1200,120000,51.39156103134155,3676.5169954299927,132.74612624198198,428.8683752566576,0.0
1/20,4/20,1250,125000,58.089442014694214,3667.162363767624,130.44564542919397,454.4323820769787,0.0
1/20,5/20,1300,130000,55.649887800216675,3649.2058379650116,128.51395045220852,421.5653871893883,0.0
1/20,6/20,1350,135000,51.79046130180359,3636.4448425769806,128.24707977473736,419.4887780845165,0.0
1/20,7/20,1400,140000,55.32138919830322,3592.4824743270874,128.6746844649315,440.2395988404751,0.0
1/20,8/20,1450,145000,71.68418383598328,3668.7997493743896,128.54667165875435,475.87603932619095,0.0
1/20,9/20,1500,150000,56.04412484169006,3661.6460123062134,128.164586186409,445.84252575039864,0.0
1/20,10/20,1550,155000,61.50957489013672,3698.1422810554504,130.97721534967422,443.2981906980276,0.0
1/20,11/20,1600,160000,59.88326692581177,3724.583035469055,130.97256871312857,448.9189822524786,0.0
1/20,12/20,1650,165000,57.50786781311035,3703.1259558200836,131.84802857786417,451.2144249379635,0.0
1/20,13/20,1700,170000,66.8492329120636,3674.6331508159637,131.4018134176731,456.2757760286331,0.0
1/20,14/20,1750,175000,93.5519609451294,3690.3067078590393,130.99429655075073,468.870624512434,0.0
1/20,15/20,1800,180000,75.83701300621033,3746.941369533539,129.468161188066,483.3233966678381,0.0
1/20,16/20,1850,185000,56.613282203674316,3713.1870675086975,131.10003205388784,460.6698753684759,0.0
1/20,17/20,1900,190000,71.2336151599884,3728.7342829704285,133.09070024639368,451.6936692148447,0.0
1/20,18/20,1950,195000,48.380290031433105,3751.0626726150513,134.18467462062836,475.4453866779804,0.0
1/20,19/20,2000,200000,59.19128704071045,3797.3429493904114,134.9734800606966,506.10082948207855,0.0
2/20,0/20,2050,205000,74.71973299980164,3830.7271206378937,131.37836811691523,485.6155091524124,0.0
2/20,1/20,2100,210000,65.92144799232483,3829.45943403244,129.46639539301395,505.34041678905487,0.0
2/20,2/20,2150,215000,87.37494611740112,3815.073266506195,128.8331019282341,491.0153186619282,0.0
2/20,3/20,2200,220000,56.34093117713928,3781.175239086151,132.8851102590561,497.68055605888367,0.0
2/20,4/20,2250,225000,86.35143113136292,3757.4929122924805,132.82146076112986,496.6589870303869,0.0
2/20,5/20,2300,230000,113.46442413330078,3721.068914413452,133.96790402382612,493.7288748919964,0.0
2/20,6/20,2350,235000,65.1534731388092,3716.807425737381,130.8791594579816,491.41081680357456,0.0
2/20,7/20,2400,240000,96.19506883621216,3694.5670907497406,132.26761208474636,488.55400800704956,0.0
2/20,8/20,2450,245000,65.09134888648987,3677.7409856319427,131.40695390850306,462.9245891869068,0.0
2/20,9/20,2500,250000,53.23544192314148,3715.923069000244,127.9541994035244,483.0850756764412,0.0
2/20,10/20,2550,255000,98.9275062084198,3697.818360567093,126.80360233038664,473.53417471051216,0.0
2/20,11/20,2600,260000,131.4976451396942,3706.919863462448,126.40178526192904,477.3469939380884,0.0
2/20,12/20,2650,265000,70.42639493942261,3723.5085155963898,129.15916034579277,471.18294109404087,0.0
2/20,13/20,2700,270000,61.18076801300049,3713.8525178432465,123.82706205546856,473.80607767403126,0.0
2/20,14/20,2750,275000,73.75332713127136,3742.114300251007,123.36567240953445,480.5599649399519,0.0
2/20,15/20,2800,280000,106.94508004188538,3742.4917669296265,123.42422971874475,488.10872119665146,0.0
2/20,16/20,2850,285000,71.71029305458069,3778.7527482509613,123.08651261031628,462.4804477393627,0.0
2/20,17/20,2900,290000,62.149659156799316,3749.5385551452637,127.93630485236645,470.2961320579052,0.0
2/20,18/20,2950,295000,74.63607907295227,3714.475044488907,126.16936198621988,461.4264777004719,0.0
2/20,19/20,3000,300000,58.62039494514465,3696.3130326271057,126.9462967813015,457.72088181972504,0.0
3/20,0/20,3050,305000,69.42973589897156,3683.918044090271,122.50569205731153,474.2024778276682,0.0
3/20,1/20,3100,310000,69.70459914207458,3710.2310860157013,120.94337874650955,463.4050182700157,0.0
3/20,2/20,3150,315000,81.59643530845642,3709.9572064876556,122.50335606187582,453.83145643770695,0.0
3/20,3/20,3200,320000,57.55207014083862,3666.21671128273,122.48599214106798,471.4463436305523,0.0
3/20,4/20,3250,325000,58.927732944488525,3678.8773231506348,123.34204772114754,470.5589556545019,0.0
3/20,5/20,3300,330000,62.95464301109314,3651.5054292678833,123.12431622296572,460.6494774967432,0.0
3/20,6/20,3350,335000,73.81524896621704,3652.651373386383,124.34147579222918,468.6547256037593,0.0
3/20,7/20,3400,340000,84.5798110961914,3621.5837478637695,123.08779614418745,438.892992451787,0.0
3/20,8/20,3450,345000,90.93070697784424,3609.066063642502,123.09225502610207,457.4712623655796,0.0
3/20,9/20,3500,350000,74.29207563400269,3573.39576792717,121.80082642287016,456.52627946436405,0.0
3/20,10/20,3550,355000,56.163800954818726,3529.2456681728363,121.54731658101082,428.56279173493385,0.0
3/20,11/20,3600,360000,57.20847010612488,3532.835382938385,119.7706316113472,450.99419647455215,0.0
3/20,12/20,3650,365000,65.78739619255066,3507.8982174396515,119.32827642560005,431.831596031785,0.0
3/20,13/20,3700,370000,69.7606098651886,3508.132655620575,118.82651252299547,422.8295390829444,0.0
3/20,14/20,3750,375000,95.62690424919128,3542.8231954574585,120.90735035389662,428.8864533752203,0.0
3/20,15/20,3800,380000,117.06600880622864,3547.642139196396,119.32394762337208,422.7827292531729,0.0
3/20,16/20,3850,385000,61.1426682472229,3516.7584059238434,124.00952553004026,426.6575609743595,0.0
3/20,17/20,3900,390000,72.74638295173645,3517.2149209976196,122.17679836601019,419.2168603539467,0.0
3/20,18/20,3950,395000,62.01388502120972,3476.781252384186,121.03465248644352,432.2854034304619,0.0
3/20,19/20,4000,400000,82.51921892166138,3524.0324194431305,117.54827523231506,419.00568448007107,0.0
4/20,0/20,4050,405000,75.9636960029602,3520.7488944530487,118.85262456536293,432.66320288181305,0.0
4/20,1/20,4100,410000,90.15892577171326,3515.25297999382,118.95575419813395,430.11864317953587,0.0
4/20,2/20,4150,415000,73.38464689254761,3446.6197481155396,117.38032079488039,434.78117793798447,0.0
4/20,3/20,4200,420000,87.58215689659119,3450.6892569065094,114.47041038423777,433.87615674734116,0.0
4/20,4/20,4250,425000,82.9834041595459,3448.3413133621216,115.93276320397854,421.43121556937695,0.0
4/20,5/20,4300,430000,57.410085678100586,3428.9109852313995,119.39891755580902,444.18376947939396,0.0
4/20,6/20,4350,435000,58.838935136795044,3422.888386964798,116.4968167617917,430.57386738061905,0.0
4/20,7/20,4400,440000,66.61953377723694,3396.754932641983,118.3082624450326,426.02270007133484,0.0
4/20,8/20,4450,445000,55.00313758850098,3367.2319860458374,116.84388346970081,424.583465218544,0.0
4/20,9/20,4500,450000,87.7045087814331,3355.854537963867,112.8502246439457,407.3531238883734,0.0
4/20,10/20,4550,455000,79.73776817321777,3331.916987657547,115.16351123154163,407.57736687362194,0.0
4/20,11/20,4600,460000,77.80359983444214,3318.4948568344116,114.12523167580366,410.4590102136135,0.0
4/20,12/20,4650,465000,94.9991819858551,3284.108635663986,116.58735506236553,419.9812123179436,0.0
4/20,13/20,4700,470000,75.36893892288208,3265.8906738758087,115.77036023885012,397.2954402118921,0.0
4/20,14/20,4750,475000,53.567442893981934,3245.823706626892,116.06498350203037,406.230505079031,0.0
4/20,15/20,4800,480000,91.78909993171692,3203.7570056915283,113.88428778201342,419.30973049998283,0.0
4/20,16/20,4850,485000,92.65227699279785,3229.7797672748566,115.06870652735233,396.7487270832062,0.0
4/20,17/20,4900,490000,49.16573882102966,3206.995407819748,114.20772584527731,426.56025606393814,0.0
4/20,18/20,4950,495000,73.24453926086426,3212.6777329444885,116.36344036459923,406.1831504702568,0.0
4/20,19/20,5000,500000,56.47571420669556,3231.300556898117,116.37528618425131,387.53353594988585,0.0
5/20,0/20,5050,505000,83.26921129226685,3179.9559288024902,116.41844250261784,392.6494469717145,0.0
5/20,1/20,5100,510000,60.3451611995697,3172.0871844291687,116.19210494309664,376.80047193169594,0.0
5/20,2/20,5150,515000,61.3960919380188,3174.168203353882,118.69977059215307,396.52246978878975,0.0
5/20,3/20,5200,520000,66.6893880367279,3166.9322621822357,116.45239195227623,375.3071223050356,0.0
5/20,4/20,5250,525000,52.35857009887695,3185.0037553310394,114.7958398014307,381.5764907002449,0.0
5/20,5/20,5300,530000,57.549683809280396,3165.5259724855423,116.04352957755327,386.19080713391304,0.0
5/20,6/20,5350,535000,79.59003496170044,3169.8986670970917,114.23320148140192,394.1972116455436,0.0
5/20,7/20,5400,540000,71.34998178482056,3211.1456694602966,112.241455309093,389.3738020658493,0.0
5/20,8/20,5450,545000,68.94082903862,3211.1551542282104,112.61975394189358,371.18421594798565,0.0
5/20,9/20,5500,550000,50.48249387741089,3175.068583011627,114.38124609738588,371.2029879540205,0.0
5/20,10/20,5550,555000,61.67948126792908,3156.0228526592255,116.17149341851473,342.7375602722168,0.0
5/20,11/20,5600,560000,66.9862151145935,3150.9162771701813,114.01651429384947,365.01650565862656,0.0
5/20,12/20,5650,565000,67.68728971481323,3175.119614839554,114.4398205652833,382.20553535968065,0.0
5/20,13/20,5700,570000,63.071692943573,3193.7349677085876,113.40442467480898,386.0731544792652,0.0
5/20,14/20,5750,575000,63.73527812957764,3192.1576256752014,114.91158569604158,389.09042835235596,0.0
5/20,15/20,5800,580000,60.1527578830719,3156.1199910640717,112.5994837731123,371.40323639661074,0.0
5/20,16/20,5850,585000,54.415388107299805,3150.8980660438538,112.15236227214336,366.9715711325407,0.0
5/20,17/20,5900,590000,60.57162427902222,3143.6913504600525,112.4411406442523,373.55232256650925,0.0
5/20,18/20,5950,595000,62.66889190673828,3123.4063642024994,112.87003582715988,337.26411363482475,0.0
5/20,19/20,6000,600000,63.002302169799805,3063.930325269699,113.73698751628399,355.9425818696618,0.0
6/20,0/20,6050,605000,60.247682094573975,3041.41753077507,115.20476151257753,388.6636703386903,0.0
6/20,1/20,6100,610000,62.44071292877197,3052.8210101127625,111.76120153814554,392.06468023359776,0.0
6/20,2/20,6150,615000,59.915010929107666,3075.3828060626984,112.57252989709377,351.6518582776189,0.0
6/20,3/20,6200,620000,60.966874837875366,3062.804703474045,112.79352556914091,366.7836534008384,0.0
6/20,4/20,6250,625000,72.22288012504578,3023.4404253959656,112.87954308837652,377.25045221298933,0.0
6/20,5/20,6300,630000,54.081666231155396,3042.183269739151,113.68311281502247,387.9396880567074,0.0
6/20,6/20,6350,635000,57.79372310638428,3010.4349505901337,113.1847585439682,384.0196617394686,0.0
6/20,7/20,6400,640000,53.72758722305298,2983.671370983124,113.88134524971247,366.21553755551577,0.0
6/20,8/20,6450,645000,56.055580139160156,2990.7730498313904,114.54269766807556,368.62639309465885,0.0
6/20,9/20,6500,650000,64.38378405570984,2945.910586118698,114.92032039910555,370.5529761761427,0.0
6/20,10/20,6550,655000,53.830583810806274,2945.7439728975296,115.71137066930532,366.734620295465,0.0
6/20,11/20,6600,660000,62.051602840423584,2924.486745595932,113.6045465618372,378.9867183640599,0.0
6/20,12/20,6650,665000,70.30300188064575,2922.9791634082794,113.75846771150827,339.4534522294998,0.0
6/20,13/20,6700,670000,56.28672480583191,2897.409512400627,113.29969584941864,367.271735817194,0.0
6/20,14/20,6750,675000,62.420681953430176,2904.9983263015747,114.37403000891209,359.40285907685757,0.0
6/20,15/20,6800,680000,64.99275803565979,2957.730570077896,114.59030228108168,373.0712659358978,0.0
6/20,16/20,6850,685000,58.878767013549805,3002.3274705410004,114.94173726439476,396.6577445194125,0.0
6/20,17/20,6900,690000,55.62601685523987,2964.8092715740204,113.80043373256922,374.7467539459467,0.0
6/20,18/20,6950,695000,60.49444389343262,2988.122779250145,112.56932117789984,384.20257966965437,0.0
6/20,19/20,7000,700000,56.18051099777222,2992.055390357971,114.52903717756271,377.0705340951681,0.0
7/20,0/20,7050,705000,58.67855620384216,2993.6368317604065,115.56325742602348,391.87440007925034,0.0
7/20,1/20,7100,710000,59.97590494155884,3004.9522936344147,111.91965067386627,379.2040443196893,0.0
7/20,2/20,7150,715000,64.67642402648926,3013.225644350052,114.52845341712236,365.36329129338264,0.0
7/20,3/20,7200,720000,57.8201630115509,3009.7204295396805,116.02036046236753,373.9252685755491,0.0
7/20,4/20,7250,725000,76.74328184127808,3006.174067258835,114.41638464480639,377.31567288190126,0.0
7/20,5/20,7300,730000,67.94534921646118,3006.8240134716034,114.19280045479536,372.28304946422577,0.0
7/20,6/20,7350,735000,62.78435301780701,2987.1027534008026,115.39205763489008,369.1058050394058,0.0
7/20,7/20,7400,740000,66.82032799720764,2983.6158801317215,114.92753607779741,389.572241820395,0.0
7/20,8/20,7450,745000,67.5988438129425,2996.527643918991,116.92931979894638,371.66542222350836,0.0
7/20,9/20,7500,750000,65.93087601661682,3004.395054578781,115.69053063541651,393.7896010875702,0.0
7/20,10/20,7550,755000,67.87619805335999,3009.7124507427216,115.74545349180698,393.8946270644665,0.0
7/20,11/20,7600,760000,72.39362287521362,2991.8579553365707,115.21269387751818,376.6663367450237,0.0
7/20,12/20,7650,765000,75.50828909873962,2992.067857503891,115.44098649919033,379.5984475314617,0.0
7/20,13/20,7700,770000,64.26930403709412,2974.0328150987625,118.68664866685867,385.10091572999954,0.0
7/20,14/20,7750,775000,64.8885350227356,2967.4154663085938,117.56090583652258,420.0364580899477,0.0
7/20,15/20,7800,780000,67.50471997261047,3001.788085460663,115.91173609346151,375.08670122921467,0.0
7/20,16/20,7850,785000,71.33146595954895,2978.6432423591614,118.39692510664463,380.6973170787096,0.0
7/20,17/20,7900,790000,60.01779508590698,2982.411919593811,117.68677218258381,382.4680673778057,0.0
7/20,18/20,7950,795000,60.21721601486206,2972.143217921257,115.57856646925211,368.027157433331,0.0
7/20,19/20,8000,800000,72.76572322845459,2955.8218450546265,116.87785825133324,381.36868158727884,0.0
8/20,0/20,8050,805000,58.52893328666687,2971.8666434288025,115.83452919125557,407.97335854172707,0.0
8/20,1/20,8100,810000,70.67666029930115,2971.820914745331,117.81016652286053,383.13719660043716,0.0
8/20,2/20,8150,815000,66.48208713531494,2962.381510257721,117.64115998893976,392.9632217288017,0.0
8/20,3/20,8200,820000,59.488442182540894,2977.072165250778,118.52115202695131,378.8786393851042,0.0
8/20,4/20,8250,825000,56.39179182052612,2953.877997636795,120.66033496707678,377.6581159681082,0.0
8/20,5/20,8300,830000,67.96255111694336,2914.2639660835266,120.55781684815884,370.6009526848793,0.0
8/20,6/20,8350,835000,63.656437158584595,2912.2100751399994,118.96069045364857,369.32572907209396,0.0
8/20,7/20,8400,840000,62.619776010513306,2919.1860921382904,118.95380565524101,378.32104360312223,0.0
8/20,8/20,8450,845000,74.522864818573,2903.5487236976624,116.8806828930974,374.45345182716846,0.0
8/20,9/20,8500,850000,70.6228199005127,2899.246242761612,118.39449401199818,389.1827998161316,0.0
8/20,10/20,8550,855000,64.801198720932,2899.9644315242767,119.84745739400387,359.03215143829584,0.0
8/20,11/20,8600,860000,61.86012291908264,2888.028274655342,118.73309526592493,381.556598700583,0.0
8/20,12/20,8650,865000,57.10153675079346,2893.1237242221832,121.39535842090845,366.0998654291034,0.0
8/20,13/20,8700,870000,75.95353698730469,2871.170063495636,119.58753778785467,368.4941732957959,0.0
8/20,14/20,8750,875000,52.05275917053223,2888.7087898254395,120.92051883786917,372.07507196068764,0.0
8/20,15/20,8800,880000,67.34024596214294,2886.934190750122,120.0686286687851,395.38398841023445,0.0
8/20,16/20,8850,885000,53.505990743637085,2887.2531991004944,121.57715471088886,360.5647607371211,0.0
8/20,17/20,8900,890000,57.241455078125,2915.212057828903,121.82536845654249,406.80950309336185,0.0
8/20,18/20,8950,895000,60.14905023574829,2921.53209900856,123.3191886395216,412.4618012532592,0.0
8/20,19/20,9000,900000,57.042060136795044,2901.4889179468155,123.17438145726919,388.0653233677149,0.0
9/20,0/20,9050,905000,57.55226922035217,2913.845868587494,120.37781181931496,392.44760635495186,0.0
9/20,1/20,9100,910000,53.22123169898987,2939.0052769184113,121.17227505892515,396.6058195233345,0.0
9/20,2/20,9150,915000,54.381375789642334,2943.9089617729187,124.50203525274992,380.80817602574825,0.0
9/20,3/20,9200,920000,58.022294998168945,2921.671545624733,129.30423027276993,395.3485386148095,0.0
9/20,4/20,9250,925000,59.367128133773804,2911.9287598133087,125.64212734997272,388.98538506031036,0.0
9/20,5/20,9300,930000,57.0237512588501,2935.4623317718506,127.44947165250778,407.0824642330408,0.0
9/20,6/20,9350,935000,58.00291872024536,2947.222709417343,126.77687942236662,415.3011343181133,0.0
9/20,7/20,9400,940000,58.23501491546631,2971.00163602829,126.04342311620712,389.6811174750328,0.0
9/20,8/20,9450,945000,60.274352073669434,2998.7095127105713,125.51148966699839,404.7991483807564,0.0
9/20,9/20,9500,950000,68.04428267478943,3004.4280993938446,128.1965570151806,409.5202837139368,0.0
9/20,10/20,9550,955000,58.743521213531494,3014.598486185074,128.58814262598753,418.2518816366792,0.0
9/20,11/20,9600,960000,60.93868970870972,3054.4870586395264,128.7445568293333,398.2987669855356,0.0
9/20,12/20,9650,965000,62.55735492706299,3062.6199119091034,132.5290191322565,393.1747701764107,0.0
9/20,13/20,9700,970000,56.825175046920776,3073.9560449123383,132.9114552512765,413.97608533501625,0.0
9/20,14/20,9750,975000,60.71534013748169,3081.4466329813004,134.07799668610096,424.5734865218401,0.0
9/20,15/20,9800,980000,59.38486194610596,3093.2220816612244,136.13674791157246,429.9662971794605,0.0
9/20,16/20,9850,985000,61.645838260650635,3123.717607021332,134.16671090573072,429.1172769665718,0.0
9/20,17/20,9900,990000,56.89991021156311,3125.030448913574,138.16869052499533,429.24165293574333,0.0
9/20,18/20,9950,995000,68.55694794654846,3125.444707632065,140.7018836736679,451.49021880328655,0.0
9/20,19/20,10000,1000000,63.148515939712524,3143.5487730503082,142.38834330439568,447.25432800501585,0.0
10/20,0/20,10050,1005000,67.85290431976318,3157.9424645900726,141.2649751007557,479.4281323701143,0.0
10/20,1/20,10100,1010000,65.46310901641846,3173.1134254932404,142.70631973445415,495.7444490939379,0.0
10/20,2/20,10150,1015000,58.4093759059906,3192.011995792389,143.81392864137888,465.76131135225296,0.0
10/20,3/20,10200,1020000,65.79301619529724,3207.6489477157593,144.67078268527985,489.5717084556818,0.0
10/20,4/20,10250,1025000,63.20028114318848,3197.2471640110016,147.82056581228971,453.25382690131664,0.0
10/20,5/20,10300,1030000,64.9697196483612,3176.3907911777496,149.14833112061024,461.5400127917528,0.0
10/20,6/20,10350,1035000,71.72118592262268,3138.394870996475,150.442128688097,461.36355324834585,0.0
10/20,7/20,10400,1040000,64.2817919254303,3150.982581615448,151.13095282018185,482.2822821289301,0.0
10/20,8/20,10450,1045000,66.63810610771179,3177.2756192684174,148.84805245697498,482.8262335509062,0.0
10/20,9/20,10500,1050000,61.914326906204224,3182.0509164333344,149.96035332977772,467.77850726246834,0.0
10/20,10/20,10550,1055000,62.79221558570862,3190.562856912613,148.49210104346275,465.39473992586136,0.0
10/20,11/20,10600,1060000,64.66056895256042,3168.6139434576035,151.05546501278877,479.0248664319515,0.0
10/20,12/20,10650,1065000,62.8597309589386,3188.1367111206055,152.66692977398634,476.4758761227131,0.0
10/20,13/20,10700,1070000,58.816670179367065,3213.608143210411,153.76390181481838,445.52961069345474,0.0
10/20,14/20,10750,1075000,53.59200692176819,3228.4045827388763,153.79798762500286,473.0280780494213,0.0
10/20,15/20,10800,1080000,57.12533116340637,3258.5262880325317,151.006266400218,477.1777437776327,0.0
10/20,16/20,10850,1085000,70.76308608055115,3313.9232296943665,155.91502264887094,460.7357515692711,0.0
10/20,17/20,10900,1090000,72.89626979827881,3296.493037700653,159.37073747813702,522.4612944275141,0.0
10/20,18/20,10950,1095000,63.32728695869446,3334.4168314933777,159.21309080719948,501.28753527998924,0.0
10/20,19/20,11000,1100000,70.53475284576416,3307.8432397842407,158.97265921533108,484.47150722146034,0.0
11/20,0/20,11050,1105000,71.54609727859497,3341.535262107849,161.13602975010872,477.8850957006216,0.0
11/20,1/20,11100,1110000,64.02057385444641,3331.5652318000793,165.0217154622078,510.98725670576096,0.0
11/20,2/20,11150,1115000,67.34421181678772,3336.490738630295,167.55783972144127,517.4854730516672,0.0
11/20,3/20,11200,1120000,67.28557705879211,3350.9026877880096,163.48698200285435,489.3709709495306,0.0
11/20,4/20,11250,1125000,70.26512098312378,3363.089743614197,165.47730819880962,490.59346809983253,0.0
11/20,5/20,11300,1130000,71.35299301147461,3321.0756697654724,166.92315791547298,487.4897563755512,0.0
11/20,6/20,11350,1135000,64.16471409797668,3364.702981233597,168.2803960442543,484.6826479434967,0.0
11/20,7/20,11400,1140000,62.212597131729126,3398.9469604492188,172.0120378434658,490.60867689549923,0.0
11/20,8/20,11450,1145000,63.558693170547485,3381.555643081665,171.37648260593414,471.87928426265717,0.0
11/20,9/20,11500,1150000,72.55691409111023,3368.888925552368,171.5374327749014,466.75021217763424,0.0
11/20,10/20,11550,1155000,77.19951486587524,3408.467874765396,171.69037440419197,492.17548932135105,0.0
11/20,11/20,11600,1160000,64.72152209281921,3427.336466550827,170.63190464675426,464.13264551758766,0.0
11/20,12/20,11650,1165000,65.19763588905334,3477.121864795685,172.41472809016705,481.2422325313091,0.0
11/20,13/20,11700,1170000,66.65193009376526,3490.785124540329,170.247279047966,454.450561106205,0.0
11/20,14/20,11750,1175000,66.40962719917297,3496.9396047592163,171.8361455798149,490.54617907106876,0.0
11/20,15/20,11800,1180000,62.365411043167114,3515.9680485725403,171.50378443300724,507.47597782313824,0.04
11/20,16/20,11850,1185000,67.60263109207153,3510.4569680690765,177.17080435156822,516.4010721296072,0.0
11/20,17/20,11900,1190000,71.37715101242065,3507.8493514060974,176.88614210486412,506.5583739578724,0.02
11/20,18/20,11950,1195000,79.8105788230896,3537.862114906311,175.07542687654495,468.6145343333483,0.48
11/20,19/20,12000,1200000,77.2189269065857,3589.0441019535065,176.5749889612198,478.78658801317215,0.09
12/20,0/20,12050,1205000,75.64472317695618,3624.418629169464,175.89247135818005,469.8172536045313,0.64
12/20,1/20,12100,1210000,77.08717012405396,3618.0642726421356,177.63403651118279,483.02907729148865,0.0
12/20,2/20,12150,1215000,98.0157949924469,3613.9735753536224,177.30623696744442,494.8128835707903,0.79
12/20,3/20,12200,1220000,93.35119366645813,3626.063725233078,175.54634656012058,485.85945561528206,0.8
12/20,4/20,12250,1225000,95.52192091941833,3649.3551194667816,178.83739195764065,475.7980846911669,0.21
12/20,5/20,12300,1230000,95.70224499702454,3650.552726507187,179.7882466763258,460.39353550970554,0.05
12/20,6/20,12350,1235000,111.81704497337341,3707.871157169342,177.929048538208,484.5535210520029,0.02
12/20,7/20,12400,1240000,81.76826524734497,3702.710992336273,182.10808119177818,476.42282907664776,0.68
12/20,8/20,12450,1245000,77.42024087905884,3748.4479212760925,182.65076932311058,486.3201787173748,0.0
12/20,9/20,12500,1250000,111.7347309589386,3723.660651445389,180.97921520471573,491.34336768090725,0.0
12/20,10/20,12550,1255000,124.95553302764893,3750.450209379196,186.83186729252338,507.9216342866421,0.0
12/20,11/20,12600,1260000,110.50915479660034,3765.3077216148376,186.24016100168228,470.4293317049742,0.0
12/20,12/20,12650,1265000,66.84613800048828,3794.5817017555237,182.8931436985731,470.8538396805525,0.89
12/20,13/20,12700,1270000,66.86581802368164,3866.3843359947205,182.33725637197495,455.5396752655506,0.95
12/20,14/20,12750,1275000,89.66172814369202,3913.549500465393,187.2069370597601,497.87745060026646,0.81
12/20,15/20,12800,1280000,102.86372685432434,3949.5281660556793,187.49845020473003,523.2238205522299,0.53
12/20,16/20,12850,1285000,96.11785769462585,3946.100542783737,187.6023364365101,521.8743458539248,0.36
12/20,17/20,12900,1290000,92.61073994636536,3941.187454223633,187.07277128100395,511.5476124435663,0.0
12/20,18/20,12950,1295000,79.15103888511658,3984.135595560074,193.69017128646374,488.6285636872053,1.0
12/20,19/20,13000,1300000,92.3631021976471,4010.6436421871185,186.35850992798805,525.0109646618366,0.01
13/20,0/20,13050,1305000,79.73088812828064,3993.8495581150055,186.38717490434647,523.37871915102,1.0
13/20,1/20,13100,1310000,91.2826509475708,4034.017228126526,186.93621799349785,556.2007640898228,0.85
13/20,2/20,13150,1315000,67.05312609672546,4037.541118621826,188.04331327974796,508.0686350762844,0.87
13/20,3/20,13200,1320000,68.16463589668274,4045.331035375595,184.4919058084488,510.2453487813473,0.99
13/20,4/20,13250,1325000,64.96593928337097,4117.978959798813,186.87677505612373,496.2115385532379,1.0
13/20,5/20,13300,1330000,67.54544997215271,4126.849400520325,188.958352714777,506.2088132202625,0.96
13/20,6/20,13350,1335000,59.25961399078369,4107.91867685318,194.98191732168198,512.1948938816786,0.93
13/20,7/20,13400,1340000,66.26341199874878,4145.807602643967,192.34991593658924,507.7712087184191,1.0
13/20,8/20,13450,1345000,67.91497898101807,4158.318775177002,194.66583974659443,478.1390052884817,0.54
13/20,9/20,13500,1350000,97.59298777580261,4186.047453403473,190.65583243966103,527.9268767088652,0.86
13/20,10/20,13550,1355000,77.00236177444458,4194.7667927742,195.66605818271637,539.7543728649616,0.55
13/20,11/20,13600,1360000,64.87917375564575,4190.135783433914,194.2187091857195,502.2021144479513,0.83
13/20,12/20,13650,1365000,62.210304975509644,4229.994560718536,190.35217897593975,516.1667069345713,0.85
13/20,13/20,13700,1370000,66.58610010147095,4260.525959730148,191.20636580884457,482.29010766744614,0.99
13/20,14/20,13750,1375000,72.356360912323,4286.405839443207,192.47002597153187,556.5257656574249,1.0
13/20,15/20,13800,1380000,79.05307078361511,4309.056482076645,196.94825926423073,533.7726655006409,1.0
13/20,16/20,13850,1385000,81.16491794586182,4323.793721437454,194.32990933954716,519.9307726323605,0.99
13/20,17/20,13900,1390000,73.61350417137146,4313.659327745438,195.63061378896236,593.3830438256264,1.0
13/20,18/20,13950,1395000,65.07475209236145,4360.159899234772,193.63063384592533,496.8976931273937,1.0
13/20,19/20,14000,1400000,58.788007974624634,4351.749112129211,196.1247070878744,525.2769240885973,0.87
14/20,0/20,14050,1405000,63.41368818283081,4371.622297286987,195.93812601268291,551.1954130083323,0.16
14/20,1/20,14100,1410000,63.11790490150452,4397.101707458496,193.54023906588554,519.7627806514502,0.91
14/20,2/20,14150,1415000,60.480222940444946,4407.911216020584,195.28404019773006,554.9519316256046,0.77
14/20,3/20,14200,1420000,65.03787112236023,4417.11989068985,196.35860401391983,528.9710595607758,0.95
14/20,4/20,14250,1425000,69.38445019721985,4436.126967906952,195.44132927060127,533.1691440790892,1.0
14/20,5/20,14300,1430000,70.72056984901428,4464.583273887634,191.99872809648514,536.20138707757,0.99
14/20,6/20,14350,1435000,70.13384819030762,4495.710457801819,187.94553235173225,536.608772456646,1.0
14/20,7/20,14400,1440000,78.72452807426453,4551.9438190460205,193.98359329998493,531.076498284936,1.0
14/20,8/20,14450,1445000,89.82353210449219,4580.094710826874,196.84882834553719,540.4491701722145,0.72
14/20,9/20,14500,1450000,108.13705515861511,4603.904844522476,196.5997180491686,547.8419793248177,0.99
14/20,10/20,14550,1455000,90.28961491584778,4624.299897909164,197.53325375914574,544.548369243741,0.32
14/20,11/20,14600,1460000,88.13166308403015,4581.8271861076355,201.81445720791817,557.6904102563858,0.21
14/20,12/20,14650,1465000,82.77897000312805,4564.170894622803,200.0189609080553,557.2544515281916,0.73
14/20,13/20,14700,1470000,78.8397147655487,4594.428471803665,199.2988094985485,525.1759578436613,1.0
14/20,14/20,14750,1475000,60.1103298664093,4592.680471420288,198.68901325762272,540.1309828311205,0.8
14/20,15/20,14800,1480000,69.87315821647644,4621.738744974136,196.90936698019505,553.6717590242624,0.83
14/20,16/20,14850,1485000,51.84395503997803,4594.029963254929,201.46022875607014,554.2256604135036,0.96
14/20,17/20,14900,1490000,56.64616799354553,4627.664370298386,198.76383917033672,526.751593619585,0.97
14/20,18/20,14950,1495000,2556.9797060489655,4623.313320398331,197.59443613886833,556.7033604979515,0.97
14/20,19/20,15000,1500000,221.94395422935486,4636.555008649826,198.06295411288738,545.0732426643372,0.99
15/20,0/20,15050,1505000,196.47073674201965,4668.061049461365,196.61795902252197,545.6021901965141,1.0
15/20,1/20,15100,1510000,24501.17010617256,4708.979297637939,197.65998676419258,602.6343307495117,1.0
15/20,2/20,15150,1515000,251.76180291175842,4734.408091306686,197.69971825182438,578.6080175042152,0.99
15/20,3/20,15200,1520000,243.65912127494812,4742.788607597351,199.34415569901466,542.9691626727581,1.0
15/20,4/20,15250,1525000,228.33640217781067,4747.503492832184,199.14167594909668,557.8699405193329,1.0
15/20,5/20,15300,1530000,204.6410300731659,4781.205053806305,199.10157757997513,560.1291157156229,1.0
15/20,6/20,15350,1535000,202.2924449443817,4782.057497501373,203.20853699743748,571.2194670438766,1.0
15/20,7/20,15400,1540000,198.21282410621643,4743.69723200798,204.28331483900547,556.2262065112591,1.0
15/20,8/20,15450,1545000,185.4577841758728,4728.006253242493,205.24903032183647,544.1958388090134,1.0
15/20,9/20,15500,1550000,185.17075896263123,4710.712780237198,202.16013169288635,603.7120937108994,0.99
15/20,10/20,15550,1555000,161.9097888469696,4699.4992735385895,200.07058390974998,542.2233452647924,0.97
15/20,11/20,15600,1560000,198.4912509918213,4751.263244628906,198.06613662838936,516.8829547911882,1.0
15/20,12/20,15650,1565000,214.889790058136,4813.480175971985,199.0565654039383,545.5444927066565,1.0
15/20,13/20,15700,1570000,224.56093621253967,4849.838435411453,198.20509488880634,552.1419600248337,1.0
15/20,14/20,15750,1575000,178.20736718177795,4865.882894992828,198.41458739340305,545.671258598566,1.0
15/20,15/20,15800,1580000,204.1264660358429,4895.132392168045,200.13598030805588,522.5673122555017,1.0
15/20,16/20,15850,1585000,968.8069796562195,4874.792507648468,204.22895872592926,572.8288335949183,0.99
15/20,17/20,15900,1590000,89.60676503181458,4856.205090761185,205.8546376824379,561.4740764051676,1.0
15/20,18/20,15950,1595000,118.00025391578674,4901.883069753647,206.7332406938076,564.8492452055216,1.0
15/20,19/20,16000,1600000,131.20484900474548,4915.6386387348175,204.16482865810394,570.3723998516798,1.0
16/20,0/20,16050,1605000,175.96936678886414,4925.122853517532,200.8341263383627,516.8935554772615,1.0
16/20,1/20,16100,1610000,103.32396125793457,4918.403111457825,203.1049951761961,532.2569853067398,1.0
16/20,2/20,16150,1615000,53.45857000350952,4907.781777620316,207.27159050107002,542.8699184805155,1.0
16/20,3/20,16200,1620000,75.4970350265503,4873.67835354805,206.461407199502,540.3515388816595,0.9
16/20,4/20,16250,1625000,59.06629419326782,4873.764241933823,202.39975629746914,558.0677252411842,0.99
16/20,5/20,16300,1630000,52.352245807647705,4883.657749176025,200.61746075749397,473.9921094328165,0.94
16/20,6/20,16350,1635000,55.69898700714111,4976.644485473633,199.76554682850838,520.5246374607086,0.86
16/20,7/20,16400,1640000,62.33414602279663,4987.3451981544495,200.29412585496902,510.6831882148981,0.98
16/20,8/20,16450,1645000,70.64488697052002,4992.850901603699,203.32820339500904,525.0420814305544,1.0
16/20,9/20,16500,1650000,73.76812314987183,4969.299130678177,205.0769980251789,568.9075436294079,1.0
16/20,10/20,16550,1655000,113.11434268951416,4988.473705530167,202.82377341389656,544.6596652269363,1.0
16/20,11/20,16600,1660000,123.01184105873108,4940.744459629059,206.45512671768665,531.4409338384867,0.97
16/20,12/20,16650,1665000,91.72755789756775,4988.012799978256,203.70298072695732,537.1405136138201,1.0
16/20,13/20,16700,1670000,139.44186782836914,5006.057192325592,204.6424109339714,525.5113527923822,1.0
16/20,14/20,16750,1675000,1075.0180261135101,5080.023152112961,202.350691691041,514.8416990190744,0.99
16/20,15/20,16800,1680000,88.21116375923157,5068.571202516556,203.4336943924427,549.826792344451,1.0
16/20,16/20,16850,1685000,105.1929361820221,5096.047696828842,204.47301663458347,534.3371403813362,1.0
16/20,17/20,16900,1690000,2886.5061581134796,5091.040380477905,206.70752134919167,497.54068821668625,1.0
16/20,18/20,16950,1695000,59.88190698623657,5102.801278829575,207.87562257051468,521.7471472471952,1.0
16/20,19/20,17000,1700000,83.42245101928711,5106.654937028885,206.30110850930214,566.2406633347273,1.0
17/20,0/20,17050,1705000,91.93094873428345,5055.660219192505,202.9955872297287,548.2099875509739,1.0
17/20,1/20,17100,1710000,56.48384094238281,5076.294998168945,207.23557136952877,556.8798511475325,1.0
17/20,2/20,17150,1715000,77.91247487068176,5101.288273334503,204.33423918485641,481.4088493734598,1.0
17/20,3/20,17200,1720000,104.18309211730957,5103.713011264801,203.31372347474098,535.5038362890482,1.0
17/20,4/20,17250,1725000,105.8606071472168,5103.059855699539,204.72232718765736,527.3728820085526,0.87
17/20,5/20,17300,1730000,134.9849202632904,5112.422975540161,202.9213955104351,527.1354810744524,0.88
17/20,6/20,17350,1735000,96.07270503044128,5080.493277549744,203.11360158026218,517.3557011038065,1.0
17/20,7/20,17400,1740000,113.43034505844116,5078.313458442688,206.2045505642891,531.1212273538113,1.0
17/20,8/20,17450,1745000,69.4312219619751,5091.078181505203,207.9400213509798,514.8452416956425,1.0
17/20,9/20,17500,1750000,127.58313322067261,5109.547456264496,206.4777526408434,461.70509047806263,0.95
17/20,10/20,17550,1755000,93.74008703231812,5111.617705345154,207.41674241423607,489.3662681430578,1.0
17/20,11/20,17600,1760000,107.72931981086731,5153.00536108017,206.87975299358368,475.0164674818516,1.0
17/20,12/20,17650,1765000,108.9523241519928,5191.843116283417,207.5502726584673,530.061184078455,1.0
17/20,13/20,17700,1770000,75.66475105285645,5212.0639181137085,208.1275905072689,526.8997274488211,1.0
17/20,14/20,17750,1775000,116.1546471118927,5186.523748874664,210.56053683161736,528.9066942632198,1.0
17/20,15/20,17800,1780000,57.2749559879303,5179.292371749878,207.82384072244167,525.542643353343,1.0
17/20,16/20,17850,1785000,52.64442801475525,5179.463150024414,209.12195198237896,531.6608166992664,1.0
17/20,17/20,17900,1790000,55.16222620010376,5173.916229248047,208.63062904775143,545.1759148240089,1.0
17/20,18/20,17950,1795000,66.45053267478943,5201.596836566925,209.74375768005848,505.51449170708656,0.44
17/20,19/20,18000,1800000,97.42530107498169,5212.164177894592,206.9699671268463,519.8007267862558,1.0
18/20,0/20,18050,1805000,117.65487217903137,5229.613851547241,204.59879218041897,507.38186314702034,1.0
18/20,1/20,18100,1810000,181.25949692726135,5225.070408821106,208.74966832995415,487.7488097399473,1.0
18/20,2/20,18150,1815000,162.85956716537476,5231.798737049103,207.26110714673996,471.16172106564045,1.0
18/20,3/20,18200,1820000,111.40342497825623,5250.36622262001,206.70568729937077,502.00503720343113,1.0
18/20,4/20,18250,1825000,59.58730483055115,5231.653453588486,208.23212853074074,530.4725030809641,1.0
18/20,5/20,18300,1830000,77.62593674659729,5221.207229614258,207.79687133431435,523.3062420040369,1.0
18/20,6/20,18350,1835000,77.74086594581604,5259.262203216553,207.26780478656292,499.86024928092957,1.0
18/20,7/20,18400,1840000,80.20399904251099,5241.66493844986,207.79236483573914,476.5590905547142,1.0
18/20,8/20,18450,1845000,101.38726496696472,5255.64263010025,211.06662259995937,486.23406156897545,0.92
18/20,9/20,18500,1850000,78.3010950088501,5275.718888282776,212.1920151859522,547.7488028556108,0.94
18/20,10/20,18550,1855000,55.51494789123535,5292.247173309326,212.62677071988583,530.9523005485535,0.93
18/20,11/20,18600,1860000,70.10734677314758,5278.54734992981,211.78411599993706,516.1715529412031,0.99
18/20,12/20,18650,1865000,67.50838804244995,5302.84663772583,206.8149884790182,561.1245189160109,1.0
18/20,13/20,18700,1870000,82.90356302261353,5269.862145423889,208.7643614411354,555.6089121103287,1.0
18/20,14/20,18750,1875000,83.48184704780579,5286.685335636139,211.64231856167316,532.7244181931019,1.0
18/20,15/20,18800,1880000,87.51504492759705,5334.706154346466,208.69384288787842,514.5954070091248,1.0
18/20,16/20,18850,1885000,109.1029040813446,5366.380661010742,212.07406595349312,519.256059974432,1.0
18/20,17/20,18900,1890000,114.7605471611023,5361.23659992218,211.42407104372978,506.01984745264053,1.0
18/20,18/20,18950,1895000,132.34058690071106,5336.945583343506,211.99403025209904,544.206451445818,0.99
18/20,19/20,19000,1900000,145.32345509529114,5347.1398339271545,213.23293977975845,523.6391172260046,1.0
19/20,0/20,19050,1905000,118.13880515098572,5328.882982254028,210.5196594595909,546.3123270869255,1.0
19/20,1/20,19100,1910000,141.51736116409302,5359.370015144348,209.09643183648586,517.4796861857176,1.0
19/20,2/20,19150,1915000,73.78193020820618,5392.0014362335205,212.4079693853855,530.4822777956724,0.95
19/20,3/20,19200,1920000,64.82913374900818,5405.464405536652,211.54949666559696,556.9488640874624,1.0
19/20,4/20,19250,1925000,106.78221011161804,5454.030553817749,210.94512274861336,528.8214738965034,0.96
19/20,5/20,19300,1930000,128.16558718681335,5464.5735540390015,210.99316336214542,560.8060184419155,1.0
19/20,6/20,19350,1935000,149.21362495422363,5462.206754207611,208.6585477590561,574.3464032411575,0.8
19/20,7/20,19400,1940000,142.73403692245483,5502.061975479126,214.15600331127644,570.3582666069269,1.0
19/20,8/20,19450,1945000,159.41278505325317,5498.107728004456,214.49227033555508,617.7204913049936,1.0
19/20,9/20,19500,1950000,183.91351079940796,5569.46884059906,213.69435779750347,633.54494138062,0.99
19/20,10/20,19550,1955000,79.4186589717865,5578.165769577026,213.936191752553,577.8270575553179,0.98
19/20,11/20,19600,1960000,65.7515127658844,5600.338879585266,214.09505280852318,607.826723381877,1.0
19/20,12/20,19650,1965000,53.11304020881653,5615.8610463142395,213.81249877810478,570.6713868528605,1.0
19/20,13/20,19700,1970000,93.14385223388672,5625.6543827056885,215.00074514746666,569.2388710975647,0.98
19/20,14/20,19750,1975000,126.13534808158875,5594.2767424583435,213.40180680155754,581.5832364559174,1.0
19/20,15/20,19800,1980000,107.56044006347656,5621.239765167236,210.3992064744234,545.8076784312725,1.0
19/20,16/20,19850,1985000,142.58776712417603,5617.095175743103,214.9915675520897,557.998409897089,1.0
19/20,17/20,19900,1990000,88.36123490333557,5629.488218307495,216.49215638637543,518.6216260194778,0.98
19/20,18/20,19950,1995000,90.36075329780579,5599.749071121216,213.8184745758772,541.3445936739445,1.0
19/20,19/20,20000,2000000,66.12774085998535,5651.032286643982,214.24270044267178,553.1876095831394,1.0
